,File Name,Page Number,Paragraph,num_flag,num_list
0,Assignment_sample_1.pdf,1,"ANNUAL REPORT 
Dear Valued Shareholders,
On behalf of the Board of Directors, | am pleased to
present to you AKI's annual report for the financial year =
ended  March  (“FY -”)",1,"2022,31,2022,2021,22"
1,Assignment_sample_1.pdf,1,"ae
(Ew
Keeping Agile To Seize Opportunities After Crisis
Following the large-scale rollout of vaccination
NS
programmes and easing of COVID- restrictions, the global economy is gradually
rebounding from the  COVID- recession. In line with this, we have seen a broad-
based recovery in most of our market segments",1,"19,2020,19"
2,Assignment_sample_1.pdf,1,"Our diversified business model, both in terms of suppliers and customers, has proven
robust. Through our agility, AKI was able to seize opportunities as the global economy
recovered, and our business was elevated to a new level. Our net profit after tax achieved
a . % growth year-on-year to a record level of Rs. . Cr. in FY , higher than
pre- COVID- levels",1,"84,59,1,64,2022,19"
3,Assignment_sample_1.pdf,1,"Back On Growth Track
For FY , AKI recorded a revenue of Rs. . Cr., an increase of .% as
compared to the Rs. . Cr. recorded in the previous financial year ended  March
. This was largely due to higher sales volume and prices from improved business
sentiments and recovery in demand. Geographically, growth in sales was broad-based
across the various markets recording the largest improvements over FY",1,"2022,63,61,32,98,47,83,31,2021,2021"
4,Assignment_sample_1.pdf,1,"Total operating expenses (excluding finance cost) increased marginally year-on-year,
largely due to higher employee remuneration in line with better performance, higher
transport charges in line with higher sales, net foreign exchange loss, as well as higher
depreciation of right-of-use assets. The increase was partially offset by lower fair value
loss from forward exchange contract",0,
5,Assignment_sample_1.pdf,1,"The balance sheet remained sound, with cash and bank balances of Rs. . Cr. as at 
March , as compared to Rs. . Cr. as at  March . Overall, our financial
discipline has enabled us to maintain a healthy financial position, providing us with
financial flexibility",1,"1,27,31,2022,1,15,31,2021"
6,Assignment_sample_1.pdf,1,"Dawn Of A New Growth Cycle
As the global economy is gradually recovering from the COVID- recession, we are
optimistic that this signals the dawn of a new growth cycle for the economy, leather
industry and AKI",1,19
7,Assignment_sample_1.pdf,1,"However, we are mindful of the ongoing macro volatilities, such as the possibility of further
waves of infections from COVID- variants, tightening of monetary policies in several
economies, rising interest and inflation rates, and war between Russia and Ukraine, that
continue to create uncertainties. Barring any unforeseen circumstances, the Group is well
poised to capitalise on the growth cycle to elevate our business further.",1,19
8,Assignment_sample_1.pdf,2,"ANNUAL REPORT 
We will strive to enhance our product offerings and provide value-added one-stop
solutions to all our customers, to better manage the supply chain disruptions together",1,2022
9,Assignment_sample_1.pdf,2,"Besides our strong customer centricity, we will leverage on our diversified business model,
track record of operational excellence and good financial discipline to bring about long-
term value to our stakeholders",0,
10,Assignment_sample_1.pdf,2,"Sustainability
AKI has always regarded sustainability as one of our priorities in creating sustainable
long-term value for our stakeholders. We will continue to put sustainability at the forefront
of our business, balancing between economic objectives and social responsibility to the
best of our abilities",0,
11,Assignment_sample_1.pdf,2,"Words of appreciation
| would like to thank the management team, staff, bankers and business associates for
their support and hard work that has enabled us to come this far. | would also like to
extend my gratitude to my fellow directors for their contributions to the Group and counsel",0,
12,Assignment_sample_1.pdf,2,"Last but not least, | would like to show appreciation to our shareholders for their constant
support",0,
13,Assignment_sample_1.pdf,2,"In this dawn of a new growth cycle, | believe that AKI is well-positioned to seize new
opportunities as we arise by leveraging on our strengths and comprehensive product
range to provide customers with one-stop solutions. We will continue to focus on the
execution of our Asia-centric strategy and strive towards a more sustainable specialty
chemicals business for our customers.",0,
14,Assignment_sample_1.pdf,3,"ANNUAL REPORT 
NOTICE
NOTICE is hereby given that the  Annual General Meeting of the Members of AKI INDIA LIMITED
will be held on FRIDAY, 30TH SEPTEMBER,  at . P.M at the Registered office of the Company
situated at /(II) Jajmau, Kanpur- (U-P.) to transact the following businesses:-
ORDINARY BUSINESS:
. To receive, consider and adopt the audited Profit and Loss Account for the year ended on 31st
March,  and the Balance Sheet as at that date and the Reports of the Board of Directors
and the Auditors thereon for the financial year ended
March ,  and the report of Auditors thereon and, in this regard, to consider and if
thought fit, to pass, with or without modification (s), the
following resolutions as Ordinary Resolutions:
(a) “RESOLVED THAT the audited financial statement of the Company for the financial year
ended March ,  and the reports of the
Board of Directors and Auditors thereon, as circulated to the members, be and are hereby
considered and adopted.”
(b) “RESOLVED THAT the audited consolidated financial statement of the Company for the
financial year ended March ,  and the
report of Auditors thereon, as circulated to the members, be and are hereby considered and
adopted.”
. Tore-appoint Mr. ASLAM SAEED (DIN: ), who retires by rotation at this Annual
General Meeting and being eligible, offers himself for re-appointment
DATE : -- By Order of the Board
PLACE: KANPUR For AKI INDIA LIMITED
Registered Office:
/(I}) Asharfabad,Jajmau SD /-
Kanpur- [SAMEENA ASAD IRAQI]
WHOLE-TIME DIRECTOR
DIN:",1,"2022,2874,2022,03,30,9,6,208010,1,2022,31,2022,31,2022,31,2022,2,00996483,07,09,2022,9,6,208010,01668732"
15,Assignment_sample_1.pdf,4,"ANNUAL REPORT 
NOTES:
. A MEMBER ENTITLED TO ATTEND AND VOTE AT THE MEETING IS ENTITLED TO
APPOINT PROXY TO ATTEND AND VOTE ON POLL INSTEAD OF HIMSELF AND THE
PROXY NEED NOT BE MEMBER OF THE COMPANY. The instrument appointing the proxy
should, however, be deposited at the registered
office of the Company not less than forty-eight hours before the commencement of the
Meeting",1,"2022,1"
16,Assignment_sample_1.pdf,4,"A person can act as a proxy on behalf of members not exceeding fifty and holding in the
aggregate not more than ten percent of the total
share capital of the Company carrying voting rights. A member holding more than ten
percent of the total share capital of the Company
carrying voting rights may appoint a single person as proxy and such person shall not act
as a proxy for any other person or shareholder",0,
17,Assignment_sample_1.pdf,4,The holder of proxy shall prove his identity at the time of attending the Meeting,0,
18,Assignment_sample_1.pdf,4,". In terms of the provisions of Section  of the Companies Act , Mr. Aslam Saeed,
Director(s) retire by rotation at the Meeting. The Nomination and Remuneration
Committee and the Board of Directors of the Company commend his respective re-
appointments",1,"2,152,2013"
19,Assignment_sample_1.pdf,4,"None of the directors were interested in the said resolution
. Institutional/Corporate members intending to send their authorized representative(s) to
attend the Meeting are requested to send to the
Company a certified true copy of the relevant Board Resolution/Power of
Attorney(POA)/ Authorization Letter together with the specimen
signature(s) of the representative(s) authorized under the said Board Resolution/Power
of Attorney (POA)/ Authorization Letter to attend and vote
on their behalf at the Meeting
. In case of joint holders attending the Meeting, only such joint holder who is higher in the
order of names will be entitled to vote at the Meeting
. The Company has notified closure of Register of Members and Share Transfer Books
from Saturday the 24th September,  to Friday the  September  ( both days
inclusive)
. In compliance with the MCA Circulars and SEBI Circular dated January ,  read
with Circular dated May , , Notice of the
AGM = along-with the Annual Report - is being sent only through electronic mode
to those Members whose e-mail address is registered with the
Company/ Depository Participants. Members may note that the Notice and Annual
Report - will also be available on the Company’s
website www.groupaki.com , website of the Stock Exchange’s, that is, BSE Limited at
www.bseindia.com",1,"3,4,5,2022,30,2022,6,15,2021,12,2020,2021,22,2020,21"
20,Assignment_sample_1.pdf,5,"ANNUAL REPORT 
For receiving all communication (including Annual Report) from the Company
electronically:
(a) Members holding shares in physical mode and who have not registered / updated
their e-mail address with the Company are requested to
register / update the same by writing to the Company with details of folio number and
attaching a self-attested copy of PAN card at info@groupakicom or to
the Registrar at www.linkintime.com",1,2022
21,Assignment_sample_1.pdf,5,"(b) Members holding shares in dematerialized mode are requested to register / update
their e-mail address with the relevant Depository
Participant",0,
22,Assignment_sample_1.pdf,5,"Attendance slip, proxy form and the route map of the venue of the Meeting are annexed
hereto. The Annual Report, Notice of Annual General
Meeting, Proxy Form and Attendance Slip are also available at the Company’s website at
www.groupaki.com
Pursuant to section  of the Companies Act,  read with Companies (Management &
Administration) Rules  and Regulation  of the SEBI (LODR) Regulations ,The
Register of Members and Share Transfer Books of the Company will remain closed from
24th September,  to Friday the 30tt September  ( both days inclusive)
. The Securities Exchange Board of India (SEBI) has mandated the submission of
Permanent Account Number (PAN) by every participant in securities market. Members
holding shares in electronic form are, therefore, requested to submit the PAN to their
Depository Participants with whom they are maintaining their Demat Accounts",1,"91,2013,2014,42,2015,2022,2022,10"
23,Assignment_sample_1.pdf,5,"Members holding shares in Physical form can submit their PAN details to the RTA ie
Link intime India Private Limited or to the Company",0,
24,Assignment_sample_1.pdf,5,". Breif resume of Directors/persons proposed to be appointed/re-appointed, as
stipiulated under regulation () of SEBI (Listing Obligations and Disclosure
Requirements) Regulations,  (Listing Regulations) and Secretarial Standards issued
by The Institute of Company Secretaries of India is provided after the explanatory
statement to this notice",1,"11,36,3,2015"
25,Assignment_sample_1.pdf,5,". All documents referred to in accompanying Notice shall be open for inspection at the
Registered Office of the Company during the office hours
on all working days between . AM to . PM up to the date of conclusion of Annual
General Meeting",1,"12,10,00,4,00"
26,Assignment_sample_1.pdf,5,"DATE : -- By Order of the Board
PLACE: KANPUR For AKI INDIA LIMITED
Registered Office: SD/-
/ (),
Asharfabad Jajmau
Kanpur- [SAMEENA ASAD IRAQI]
WHOLE-TIME DIRECTOR
DIN:",1,"07,09,2022,9,6,11,208010,01668732"
27,Assignment_sample_1.pdf,6,"ANNUAL REPORT 
Additional Infromation of Directors seeking Re-appointment at the Annual General Meeting as required under
Regulation () of SEBI (Listing Obligations and Disclosure Requirements) Regulations, 
Name of Director ASL AM SAEED
Director’s Identification No. (DIN)  
PAN ACY PS0467K
Date of Birth / /
Date of First Appointment - -
Educational Qualification Gra duate
Expertise in Specific Functional Areas He is a Graduate, he is having over  years experience in the
Field of Leather & Leather Goods
Chairmanship/ Membership of Committees in this A. Audit Committee ()
Company B. Nomination & Remuneration Committee (Member)
Directorship in Other Companies
He presently holds directorship(s) in the following
companies:
 HABIB TANNERY PVT. LTD",1,"2022,36,3,2015,009,96483,05,05,1955,09,12,2017,30,1"
28,Assignment_sample_1.pdf,6,"Chairmanship/ Membership of Committees in Non e
other Public Limited Companies
Shareholding as on 315t March,  NIL
Seeking Appointment/ Re-Appointment Reti re by Rotation and seeking Re-appointment
Relationship with Non e
other Directors
DATE : -- By Order of the Board
PLACE: KANPUR For AKI INDIA LIMITED
SD /-
Registered Office:
/ (), Asharfabad Jajmau
[SAMEENA ASAD IRAQI]
Kanpur-
WHOLE-TIME DIRECTOR
DIN:",1,"2021,07,09,2022,9,6,11,208010,01668732"
29,Assignment_sample_1.pdf,7,"ANNUAL REPORT 
Statement Containing Information as required Under Section H(B)(iv) of Part Il of Schedule
V of The Companies Act,  and Informing Part of the Notice of Annual General Meeting",1,"2022,2013"
30,Assignment_sample_1.pdf,7,". Nature of Industry:
MANUFACTURING, TRADE AND COMMERCIAL ESTABLISHMENT",1,1
31,Assignment_sample_1.pdf,7,". Date or expected date of Commencement of Commercial
Production: Not Applicable
. In case of new companies, expected date of commencement of activities as per
project approved by financial institutions appearing in the prospectus:
Not Applicable
, Financial Performance based on given indicators: (Amount in Rs.)
Financial Year ended -- --
Gross Revenue and other income ,,,.  ,,,.
Profit Before Tax ,,,. ,,,.
Profit After Tax ,,,. ,,.
Equity Share Capital ,,,.} —_10,,,.
Reserve and Surplus ,,,. ,,,.
(excluding revaluation reserve)
Net Worth ,,,. ,,,.
. Exp ort Performance and net foreign exchange collaborations:
The Company has Increased its Exports but due to Some Global issues like prevailing
COVID  pandemic it hasn’t met our expectation.. The net Earning in foreign Currency are
as under:-
.. (Rs.) ..(Rs.)
Earning in Foreign Currency
(Export at C.LF. Value) ,,, ,,,
Foreign Investments and Collaborations, If any:
NIL
DATE : -- By Order of the Board
For AKI INDIA LIMITED
PLACE: KANPUR SD /-
[SAMEENA ASAD IRAQI]
Registered Office:
/ (),
Asharfabad Jajmau WHOLE-TIME DIRECTOR
Kanpur- DIN:",1,"2,3,4,31,03,2022,31,03,2021,63,61,02,502,93,47,83,21,626,93,1,74,71,811,11,1,70,63,408,47,1,64,63,955,11,89,19,079,47,10,29,70,000,00,29,70,000,00,2,53,41,650,48,3,76,51,816,95,14,06,21,816,95,12,83,11,650,48,5,19,31,03,2022,31,03,2021,39,66,30,000,29,89,50,000,07,09,2022,9,6,11,208010,01668732"
32,Assignment_sample_1.pdf,8,"ANNUAL REPORT 
Dear Shareholders,
The Directors have the pleasure in presenting the Annual Report and Audited Accounts of the Company for
the year ended on March , 
Director’s Report
FINANCIAL RESULTS:
The summarized standalone financial performance of the Company for the financial year endedMarch ,
 as compared to previous year was as under::
Standalone (Amount in Rs.)
PARTICULARS Year ended March Year ended March
,  , 
Revenue from Operations ,,,. . ,,.
Other Income ,,,. ,, .
Total Income ,,,. ,,,.
Profit before Interest, Depreciation, Prior ,,,. ,,,.
Period Items and Tax (PBIDTA)
Less: Finance Costs ,,. ,,.
Less: Depreciation and Amortization ,,. ,,.
Profit before Exceptional/ Prior Period Items
and Tax ,,,. ,,.
Less: Exceptional/ Prior Period Items (Net) . .
Add:Extra-ordinery Items ,,. ,,.
Profit Before Taxes (PBT) ,,,. ,,,.
Less: Tax Expense Current ,,. ,,.
Deferred Tax ,,. ,,.
Profit for the year (PAT) ,,. ,,.
FINANCIAL HIGHLIGHTS:
In the year under review, the turnover of the company has increased to Rs ,,,.. in financial year
- as compared to Rs. ,,,.03in financial year -",1,"2022,31,2022,31,2022,31,2022,31,2021,60,93,94,282,81,44,85,20,227,03,2,67,08,220,12,2,98,01,399,90,63,61,02,502,93,47,83,21,626,93,4,99,69,179,21,4,54,23,579,80,13,876,399,21,13,276,051,86,22,299,96,889,22,672,199,47,1,37,92,811,11,94,75,408,47,0,00,0,00,36,79,000,00,75,88,000,00,1,74,71,811,11,1,70,63,408,47,58,17,900,00,53,78,240,00,48,10,044,00,27,66,089,00,164,63,955,11,89,19,079,47,60,93,94,282,03,2021,2022,44,85,20,227,2020,21"
33,Assignment_sample_1.pdf,8,"The management continues to pursue its efforts to improve its operational efficiency by better
Capacity Utilisation and diversification into High quality value added export quality footwear to improve its
Turnover and Operating margin in current year. Outlook for current year will be better barring any
unforeseen circumstances",0,
34,Assignment_sample_1.pdf,8,There is no change in nature of business of the Company during the Financial Year under review,0,
35,Assignment_sample_1.pdf,8,"DIVIDEND
Your Directors regret their inability to recommend dividend in order to conserve resources for future
growth",0,
36,Assignment_sample_1.pdf,8,"BONUS
Your company has issued Bonus Shares in the ratio of : i.e. Three Equity Shares for every Ten equity
shares held in the financial year -",1,"3,10,2022,23"
37,Assignment_sample_1.pdf,9,"ANNUAL REPORT 
TRANSFER TO RESERVES
During the year under review Rs. . has been transferd to the General Reserves (Statutory
Reserve)",1,"2022,16463955,11"
38,Assignment_sample_1.pdf,9,"COMPANIES POLICY ON DIRECTORS APPOINTMENT AND REMUNEARTION:
The company has made its own selection process viz a viz for executive and non executive directors",0,
39,Assignment_sample_1.pdf,9,"Nomination and Remuneration Committee has checked out all the norms as provide in section  () of
Companies Act,  for selection and appointment of Independent Directors in company to ensure that the
thoughts of such director are not biased at all. All the directors who have been appointed as independent
director in company are well competent since they are working in the company for a very long period. The
company follows proper mechanism for the remuneration paid to the directors as per the recommendation
made by the Nomination and Remuneration committee after observing their comments",1,"149,6,2013"
40,Assignment_sample_1.pdf,9,"MATERIAL CHANGES AND COMMITMENTS, IF ANY, AFFECTING THE FINANCIAL
POSITION:
The company would like to inform that no material changes and commitments affecting the financial
position of the company have occurred during the period from the end of financial Year till the date of this
report",0,
41,Assignment_sample_1.pdf,9,"PARTICULARS OF LOANS, GUARANTEES & INVESTMENTS:
The Company has not granted any secured or unsecured loans from /to companies, firms or other parties
listed in the register maintained under section  of the act Companies Act,  dealing with any loan,
investments and /or guarantee",1,"189,2013"
42,Assignment_sample_1.pdf,9,"LEGAL FRAMEWORK AND REPORTING STRUCTURE:
The Company would like to inform that a legal compliance tool has been installed vertically within the
organization for monitoring and complying all laws applicable to the Company. This tool is being overseen
and supervised by the office of the Chief Financial Officer. Further the Chief Financial Officer has also
been cast the responsibility of providing a compliance certificate at every Board meeting including the key
non-compliances during the quarter",0,
43,Assignment_sample_1.pdf,9,"CSR ACTIVITIES:
CSR Activities are not applicable to the company. Since the Company does not meet the criteria as defined
under section  of Companies Act,  and the rules made thereunder
CONSERVATION OF ENERGY, TECHNOLOGYABSORPTION AND FOREIGN
EXCHANGEEARNINGS AND OUTGO
As required Under Section () (m) of the Companies Act,  read with the Companies (Disclosure of
particulars in the report of the Board of Directors) Rules,  and Rule  () of Companies (Accounts) Rules,
 and forming part of the report of the Directors. (Annexure-)
DISCLOSURES:
COMMITTEES TO THE BOARD:
The Company has several Committees which have been established in Compliance with the requirements of
the relevant provisions of applicable laws and statutes",1,"135,2013,134,3,2013,88,8,3,14,1"
44,Assignment_sample_1.pdf,9,"The Company has following Committees of the Board:
O Audit Committee
| Nomination & Remuneration Committee
¢ Share transfer & Shareholder's Grievance Committee",0,
45,Assignment_sample_2.pdf,1,"KPTL/-
8th May, 
BSE Limited National Stock Exchange of India Ltd",1,"23,24,2023"
46,Assignment_sample_2.pdf,1,"Corporate Relationship Department ‘Exchange Plaza’, C-,
Phiroze Jeejeebhoy Towers Block ‘G’, Bandra-Kurla Complex
Dalal Street, Fort Bandra (E)
Mumbai -   Mumbai –  
Scrip Code:  Scrip Code: KALPATPOWR
Sub.: Outcome of Board meeting pursuant to provisions of the SEBI (Listing Obligations
and Disclosure Requirements) Regulations,  (“LODR Regulations”)
Respected Sir(s),
In accordance with Regulation ,  and other applicable provisions of LODR Regulations, as
amended from time to time, and in continuation of our intimation dated 2nd May, , we wish to
inform you that the Board of Directors (the ""Board"") of Kalpataru Power Transmission Limited
(the ""Company"") at its meeting held today, has inter alia-
a) approved the Audited Financial Results (Standalone and Consolidated) for the quarter and
year ended 31st March,  as recommended by the Audit Committee",1,"1,400,001,400,051,522287,2015,30,33,2023,2023"
47,Assignment_sample_2.pdf,1,"b) recommended final Dividend of Rs. /- per Equity share of face value of Rs. /- each fully paid
up (i.e. %) for the financial year ended 31st March,  subject to approval by
shareholders at ensuing Annual General Meeting (""AGM""). The Company shall inform in due
course the date on which it will hold the AGM for the year ended 31st March,  and the
date from which dividend will be paid or Demand draft / warrants thereof will be dispatched to
the shareholders",1,"7,2,350,2023,2023"
48,Assignment_sample_2.pdf,1,"c) approved the proposal for issuance of secured / unsecured redeemable Non-Convertible
Debentures upto Rs.  Crores by the Company in one or more tranches",1,300
49,Assignment_sample_2.pdf,1,"d) approved the re-appointment of M/s. B S R & Co. LLP, Chartered Accountants (Firm
Registration No. 101248W / W-) as the Statutory Auditors of the Company for a second
term of  (five) consecutive years to hold office from the conclusion of ensuing 42nd Annual
General Meeting of the Company till the conclusion of the 47th Annual General Meeting to be
held in the year , subject to approval of shareholders of the Company.",1,"100022,5,2028"
50,Assignment_sample_2.pdf,2,"Brief Profile of M/s. B S R & Co. LLP is as under:
B S R & Co. ('the firm') was constituted on 27th March,  as a partnership firm having Firm
Registration No. as 101248W. It was converted into limited liability partnership i.e. B S R & Co",1,1990
51,Assignment_sample_2.pdf,2,"LLP on 14th October,  thereby having a new Firm Registration No. 101248W/W-. The
registered office of the firm is at 14th Floor, Central B Wing and North C Wing, Nesco IT Park ,
Nesco Centre, Western Express Highway, Goregaon (East), Mumbai-",1,"2013,100022,4,400063"
52,Assignment_sample_2.pdf,2,"B S R & Co. LLP is a member entity of B S R & Affiliates, a network registered with the Institute
of Chartered Accountants of India. B S R & Co. LLP has over  staff, + Partners. B S R &
Co. LLP audits various companies listed on stock exchanges in India including companies in the
infrastructure sector",1,"4000,140"
53,Assignment_sample_2.pdf,2,"Pursuant to the provisions of the LODR Regulations, we enclose the following:
i) Statement of the Audited Financial Results (Standalone and Consolidated) for the quarter
and year ended 31st March,  in the prescribed format",1,2023
54,Assignment_sample_2.pdf,2,"ii) Auditors’ Reports with unmodified opinion on the Audited Financial Results – Standalone and
Consolidated",0,
55,Assignment_sample_2.pdf,2,"Pursuant to Regulation ()(d) and ()(a) of the LODR Regulations as amended from time to
time, we declare that M/s. B S R & Co. LLP, Chartered Accountants, Statutory Auditors of the
Company have issued audit reports with unmodified opinion",1,"33,3,52,3"
56,Assignment_sample_2.pdf,2,The meeting of Board of Directors commenced at : p.m. and concluded at : p.m,1,"3,00,5,50"
57,Assignment_sample_2.pdf,2,We request you to take the same on record,0,
58,Assignment_sample_2.pdf,2,"Thanking you,
Yours faithfully,
For Kalpataru Power Transmission Limited
Shweta Girotra
Company Secretary & Compliance Officer
Encl.: a/a",0,
59,Assignment_sample_2.pdf,3,"B S R & Co. LLP
Chartered Accountants
14th Floor, Central B Wing and North C Wing,
Nesco IT Park , Nesco Center,
Western Express Highway,
Goregaon (East), Mumbai – , India
Telephone: + ()  
Fax: + ()  
Independent Auditor’s Report
To the Board of Directors of Kalpataru Power Transmission Limited
Report on the audit of the Consolidated Annual Financial Results
Opinion
We have audited the accompanying consolidated annual financial results of Kalpataru Power
Transmission Limited (hereinafter referred to as the “Holding Company”) and its subsidiaries (Holding
Company and its subsidiaries together referred to as “the Group”), its joint venture for the year ended 
March , attached herewith, (in which are included financial results of one joint operation) being
submitted by the Holding Company pursuant to the requirement of Regulation  and Regulation ()
read with Regulation  of the Securities and Exchange Board of India (Listing Obligations and Disclosure
Requirements) Regulations, , as amended (""Listing Regulations"")",1,"4,400063,91,22,6257,1000,91,22,6257,1010,31,2023,33,52,4,63,2015"
60,Assignment_sample_2.pdf,3,"In our opinion and to the best of our information and according to the explanations given to us and based
on the consideration of reports of the other auditors on separate/ consolidated audited financial results of
the subsidiaries, joint venture and joint operation, the aforesaid consolidated annual financial results:
a. include the annual financial results of the entities mentioned in Annexure I to the aforesaid
consolidated annual financial results
b. are presented in accordance with the requirements of Regulation  and Regulation () read with
Regulation  of the Listing Regulations in this regard; and
c. give a true and fair view in conformity with the recognition and measurement principles laid down in
the applicable Indian Accounting Standards, and other accounting principles generally accepted in
India, of consolidated net profit and other comprehensive income and other financial information of
the Group for the year ended  March",1,"33,52,4,63,31,2023"
61,Assignment_sample_2.pdf,3,"Basis for Opinion
We conducted our audit in accordance with the Standards on Auditing (“SAs”) specified under section
() of the Companies Act,  (“the Act”). Our responsibilities under those SAs are further described
in the Auditor’s Responsibilities for the Audit of the Consolidated Annual Financial Results section of our
report. We are independent of the Group, its joint venture in accordance with the Code of Ethics issued
by the Institute of Chartered Accountants of India together with the ethical requirements that are relevant
to our audit of the financial statements under the provisions of the Act, and the Rules thereunder, and we
have fulfilled our other ethical responsibilities in accordance with these requirements and the Code of
Ethics. We believe that the audit evidence obtained by us,along with the consideration of reports of the
other auditors referred to in sub paragraph no. a of the “Other Matters” paragraph below, is sufficient and
appropriate to provide a basis for our opinion on the consolidated annual financial results",1,"143,10,2013"
62,Assignment_sample_2.pdf,3,"Management’s and Board of Directors’ Responsibilities for the Consolidated Annual Financial
Results
These consolidated annual financial results have been prepared on the basis of the consolidated annual
Registered Office:
B S R & Co. (a partnership firm with Registration No. BA61223) converted into B S R & Co. LLP (a 14th Floor, Central B Wing and North C Wing, Nesco IT Park , Nesco
Limited Liability Partnership with LLP Registration No. AAB-) with effect from October ,  Center, Western Express Highway, Goregaon (East), Mumbai - 
Page  of",1,"4,8181,14,2013,400063,1,5"
63,Assignment_sample_2.pdf,4,"B S R & Co. LLP
Independent Auditor’s Report (Continued)
Kalpataru Power Transmission Limited
financial statements",0,
64,Assignment_sample_2.pdf,4,"The Holding Company’s Management and the Board of Directors are responsible for the preparation and
presentation of these consolidated annual financial results that give a true and fair view of the consolidated
net profit/ loss and other comprehensive income and other financial information of the Group including its
joint venture in accordance with the recognition and measurement principles laid down in Indian
Accounting Standards prescribed under Section  of the Act and other accounting principles generally
accepted in India and in compliance with Regulation  and Regulation () read with Regulation  of
the Listing Regulations. The respective Management and Board of Directors of the companies included
in the Group and of its joint venture are responsible for maintenance of adequate accounting records in
accordance with the provisions of the Act for safeguarding of the assets of each company and for
preventing and detecting frauds and other irregularities; selection and application of appropriate
accounting policies; making judgments and estimates that are reasonable and prudent; and the design,
implementation and maintenance of adequate internal financial controls, that were operating effectively
for ensuring accuracy and completeness of the accounting records, relevant to the preparation and
presentation of the consolidated annual financial results that give a true and fair view and are free from
material misstatement, whether due to fraud or error, which have been used for the purpose of preparation
of the consolidated annual financial results by the Management and the Board of Directors of the Holding
Company, as aforesaid",1,"133,33,52,4,63"
65,Assignment_sample_2.pdf,4,"In preparing the consolidated annual financial results, the respective Management and the Board of
Directors of the companies included in the Group and of its joint venture are responsible for assessing the
ability of each company to continue as a going concern, disclosing, as applicable, matters related to going
concern and using the going concern basis of accounting unless the respective Board of Directors either
intends to liquidate the company or to cease operations, or has no realistic alternative but to do so",0,
66,Assignment_sample_2.pdf,4,"The respective Board of Directors of the companies included in the Group and of its joint venture is
responsible for overseeing the financial reporting process of each company",0,
67,Assignment_sample_2.pdf,4,"Auditor’s Responsibilities for the Audit of the Consolidated Annual Financial Results
Our objectives are to obtain reasonable assurance about whether the consolidated annual financial results
as a whole are free from material misstatement, whether due to fraud or error, and to issue an auditor’s
report that includes our opinion. Reasonable assurance is a high level of assurance, but is not a guarantee
that an audit conducted in accordance with SAs will always detect a material misstatement when it exists",0,
68,Assignment_sample_2.pdf,4,"Misstatements can arise from fraud or error and are considered material if, individually or in the aggregate,
they could reasonably be expected to influence the economic decisions of users taken on the basis of
these consolidated annual financial results",0,
69,Assignment_sample_2.pdf,4,"As part of an audit in accordance with SAs, we exercise professional judgment and maintain professional
skepticism throughout the audit. We also:
– Identify and assess the risks of material misstatement of the consolidated annual financial results,
whether due to fraud or error, design and perform audit procedures responsive to those risks, and
obtain audit evidence that is sufficient and appropriate to provide a basis for our opinion. The risk of
not detecting a material misstatement resulting from fraud is higher than for one resulting from error,
as fraud may involve collusion, forgery, intentional omissions, misrepresentations, or the override of
internal control",0,
70,Assignment_sample_2.pdf,4,"– Obtain an understanding of internal control relevant to the audit in order to design audit procedures
that are appropriate in the circumstances. Under Section () (i) of the Act, we are also responsible
for expressing our opinion through a separate report on the complete set of financial statements on
whether the company has adequate internal financial controls with reference to financial statements
in place and the operating effectiveness of such controls",1,"143,3"
71,Assignment_sample_2.pdf,4,"– Evaluate the appropriateness of accounting policies used and the reasonableness of accounting
estimates and related disclosures in the consolidated annual financial results made by the
Management and Board of Directors",0,
72,Assignment_sample_2.pdf,4,"– Conclude on the appropriateness of the Management and Board of Directors’ use of the going
concern basis of accounting and, based on the audit evidence obtained, whether a material
uncertainty exists related to events or conditions that may cast significant doubt on the
Page  of",1,"2,5"
73,Assignment_sample_2.pdf,5,"B S R & Co. LLP
Independent Auditor’s Report (Continued)
Kalpataru Power Transmission Limited
appropriateness of this assumption. If we conclude that a material uncertainty exists, we are required
to draw attention in our auditor’s report to the related disclosures in the consolidated annual financial
results or, if such disclosures are inadequate, to modify our opinion. Our conclusions are based on
the audit evidence obtained up to the date of our auditor’s report. However, future events or conditions
may cause the Group and its joint venture to cease to continue as a going concern",0,
74,Assignment_sample_2.pdf,5,"– Evaluate the overall presentation, structure and content of the consolidated annual financial results,
including the disclosures, and whether the consolidated annual financial results represent the
underlying transactions and events in a manner that achieves fair presentation",0,
75,Assignment_sample_2.pdf,5,"– Obtain sufficient appropriate audit evidence regarding the financial results of the entities within the
Group and its joint venture to express an opinion on the consolidated annual financial results. We are
responsible for the direction, supervision and performance of the audit of financial results of such
entities included in the consolidated annual financial results of which we are the independent auditors",0,
76,Assignment_sample_2.pdf,5,"For the other entities included in the consolidated annual financial results, which have been audited
by other auditors, such other auditors remain responsible for the direction, supervision and
performance of the audits carried out by them. We remain solely responsible for our audit opinion",0,
77,Assignment_sample_2.pdf,5,"Our responsibilities in this regard are further described in sub paragraph no. a of the “Other Matters”
paragraph in this audit report",0,
78,Assignment_sample_2.pdf,5,"We communicate with those charged with governance of the Holding Company and such other entities
included in the consolidated annual financial results of which we are the independent auditors regarding,
among other matters, the planned scope and timing of the audit and significant audit findings, including
any significant deficiencies in internal control that we identify during our audit",0,
79,Assignment_sample_2.pdf,5,"We also provide those charged with governance with a statement that we have complied with relevant
ethical requirements regarding independence, and to communicate with them all relationships and other
matters that may reasonably be thought to bear on our independence, and where applicable, related
safeguards",0,
80,Assignment_sample_2.pdf,5,"We also performed procedures in accordance with the circular No CIR/CFD/CMD issued by the
Securities and Exchange Board of India under Regulation () of the Listing Regulations, to the extent
applicable",1,"44,2019,33,8"
81,Assignment_sample_2.pdf,5,"Other Matters
a. The consolidated annual financial results include the audited financial results of one Joint Operation,
whose financial results reflects total assets (before consolidation adjustments) of Rs. . crores as
at  March , total revenue (before consolidation adjustments) of Rs. . crores, total net profit
after tax (before consolidation adjustments) of Rs. . crores and net cash outflows (before
consolidation adjustments) of Rs. . crores for the year ended on that date, as considered in the
consolidated annual financial results, which has been audited by its other auditor. The other auditor’s
reports on financial results of this joint operation have been furnished to us by the management",1,"72,80,31,2023,70,64,11,45,0,99"
82,Assignment_sample_2.pdf,5,"Our opinion on the consolidated annual financial results, in so far as it relates to the amounts and
disclosures included in respect of this joint operation, is based solely on the reports of such auditor
and the procedures performed by us are as stated in paragraph above",0,
83,Assignment_sample_2.pdf,5,"The consolidated annual financial results include the audited financial results of twenty subsidiaries,
whose financial results reflects total assets (before consolidation adjustments) of Rs. ,. crores
as at  March , total revenue (before consolidation adjustments) of Rs. ,. crores, total
net loss after tax (before consolidation adjustments) of Rs. . crores and net cash outflows (before
consolidation adjustments) of Rs. . crores for the year ended on that date, as considered in the
consolidated annual financial results, which have been audited by their respective independent
auditors. The consolidated annual financial results also include the Group's share of total net profit
after tax of Rs. Nil for the year ended  March , as considered in the consolidated annual
financial results, in respect of one joint venture, whose financial results have been audited by their
respective independent auditors. The independent auditor’s reports on financial results of these
Page  of",1,"2,809,43,31,2023,1,504,30,60,15,2,65,31,2023,3,5"
84,Assignment_sample_2.pdf,6,"B S R & Co. LLP
Independent Auditor’s Report (Continued)
Kalpataru Power Transmission Limited
entities have been furnished to us by the management",0,
85,Assignment_sample_2.pdf,6,"Our opinion on the consolidated annual financial results, in so far as it relates to the amounts and
disclosures included in respect of these entities, is based solely on the reports of such auditor and
the procedures performed by us are as stated in paragraph above",0,
86,Assignment_sample_2.pdf,6,"Certain of these subsidiaries are located outside India whose financial statements have been
prepared in accordance with accounting principles generally accepted in their respective countries
and which have been audited by other auditors under generally accepted auditing standards
applicable in their respective countries. The Group’s management has converted the financial
statements of such subsidiaries located outside India from accounting principles generally accepted
in their respective countries to accounting principles generally accepted in India. We have audited
these conversion adjustments made by the Group’s management. Our opinion in so far as it relates
to the balances and affairs of such subsidiaries located outside India is based on the reports of other
auditors and the conversion adjustments prepared by the management of the Group and audited by
us",0,
87,Assignment_sample_2.pdf,6,"Our opinion on the consolidated annual financial results is not modified in respect of the above matters
with respect to our reliance on the work done and the reports of the other auditors",0,
88,Assignment_sample_2.pdf,6,"b. The consolidated annual financial results include the unaudited financial results of three subsidiaries,
whose financial statements reflects total assets (before consolidation adjustments) of Rs. .
crores as at  March , total revenue (before consolidation adjustments) of Rs. . crores,
total net loss after tax (before consolidation adjustments) of Rs. . crores and net cash inflows
(before consolidation adjustments) of Rs. . crores for the year ended on that date, as considered
in the consolidated annual financial results. These unaudited financial statements have been
furnished to us by the Board of Directors",1,"550,84,31,2023,438,91,26,19,6,46"
89,Assignment_sample_2.pdf,6,"Our opinion on the consolidated annual financial results, in so far as it relates to the amounts and
disclosures included in respect of these subsidiaries, is based solely on such financial statements. In
our opinion and according to the information and explanations given to us by the Board of Directors,
these financial statements are not material to the Group",0,
90,Assignment_sample_2.pdf,6,"Our opinion on the consolidated annual financial results is not modified in respect of the above matter
with respect to the financial statements certified by the Board of Directors",0,
91,Assignment_sample_2.pdf,6,"c. The consolidated annual financial results include the results for the quarter ended  March 
being the balancing figure between the audited figures in respect of the full financial year and the
published unaudited year to date figures up to the third quarter of the current financial year which
were subject to limited review by us",1,"31,2023"
92,Assignment_sample_2.pdf,6,"For B S R & Co. LLP
Chartered Accountants
Firm’s Registration No.:101248W/W-
VIKAS Digitally signed by
VIKAS RADHEYSHYAM
RADHEYSHY
KASAT
Date: ..
AM KASAT
:: +''
Vikas R Kasat
Partner
Mumbai Membership No.: 
 May  UDIN:23105317BGVTNN7930
Page  of",1,"100022,2023,05,08,17,37,22,05,30,105317,08,2023,4,5"
93,Assignment_sample_2.pdf,7,"B S R & Co. LLP
Independent Auditor’s Report (Continued)
Kalpataru Power Transmission Limited
Annexure I
List of entities included in consolidated annual financial results",0,
94,Assignment_sample_2.pdf,7,"Sr. No Name of component Relationship
 Shree Shubham Logistics Limited Subsidiary
 Energylink (India) Limited Subsidiary
 Amber Real Estate Limited Subsidiary
 Adeshwar lnfrabuild Limited Subsidiary
 Kalpataru Metfab Private Limited Subsidiary
 Kalpataru Power Transmission (Mauritius) Limited Subsidiary
 Kalpataru Power Transmission USA Inc. Subsidiary
 LLC Kalpataru Power Transmission Ukraine Subsidiary
 Kalpataru IBN Omairah Company Limited Subsidiary
 Kalpataru Power Transmission Sweden AB Subsidiary
 Kalpataru Power Senegal SARL Subsidiary
 Kalpataru Power DO Brasil Participacoes Ltda. Subsidiary
 Brij Bhoomi Expressway Private Limited Subsidiary
 JMC Mining and Quarries Limited Subsidiary
 Vindhyachal Expressway Private Limited Subsidiary
 Wainganga Expressway Private Limited Subsidiary
 Kalpataru Power Chile SpA Subsidiary
 Saicharan Properties Limited Step down subsidiary
 Punarvasu Financial Services Private Limited Step down subsidiary
 Kalpataru Power DMCC Step down subsidiary
 Linjemontage i Grastorp Aktiebolag Step down subsidiary
 Linjemontage Service Nordic AB Step down subsidiary
 Linjemontage AS Step down subsidiary
 Fasttel Engenharia S.A. Step down subsidiary
 Kurukshetra Expressway Private Limited Joint Venture
Page  of",1,"1,2,3,4,5,6,7,8,9,10,11,12,13,14,15,16,17,18,19,20,21,22,23,24,25,5,5"
95,Assignment_sample_2.pdf,8,KALPATARU POWER TRANSMISSION LTD,0,
96,Assignment_sample_2.pdf,8,"REGISTERED OFFICE : Plot No. , Part III, G.I.D.C. Estate, Sector - , Gandhinagar -  
CIN : L40100GJ1981PLC004281
Tel Nos. : +   ; Fax Nos.: +    / ; E Mail : cs@kalpatarupower.com
STATEMENT OF CONSOLIDATED AUDITED FINANCIAL RESULTS FOR THE QUARTER AND YEAR ENDED MARCH , 
(Rs. in Crores)
For the Quarter ended For the Year ended
March December March March March
Sr",1,"101,28,382,028,91,79,232,14000,91,79,232,11966,71,31,2023"
97,Assignment_sample_2.pdf,8,"Particulars ,  ,  ,  ,  , 
No",1,"31,2023,31,2022,31,2022,31,2023,31,2022"
98,Assignment_sample_2.pdf,8,"(Audited) (Unaudited) (Audited) (Audited) (Audited)
(Refer Note ) (Refer Note )
 Revenue from operations ,  , , , ,
 Other income      
 Total income (+) , ,  , , ,
 Expenses
(a) Cost of materials consumed ,  , ,  , ,
(b) Changes in inventories of finished goods and Work-
in-Progress    () 
(c) Erection, sub-contracting & other project
expenses
,  , ,  , ,
(d) Employee benefits expense      , ,
(e) Finance costs       
(f) Depreciation and amortisation expense      
(g) Expected credit loss provision for loans and advances
given to joint venture / others -  -   
(h) Other expenses      , ,
Total expenses , , , , ,
 Profit before exceptional Items and tax (-)      
 Share of profit/(loss) of Joint Ventures - - - - ()
 Profit before exceptional Items and tax (+)      
 Exceptional items  - -    
 Profit before tax (+)       
 Tax expense
Current tax      
Deferred tax () ()   () ()
 Profit for the period (-)       
 Other Comprehensive Income (net of tax)    () 
 Total Comprehensive Income (net of tax) (+)       
 Net Profit attributable to
a) Owners of the Company       
b) Non-Controlling interest () ()  ( ) ( )
 Other Comprehensive Income attributable to
a) Owners of the Company     () 
b) Non-Controlling interest - ()  () 
 Total Comprehensive Income attributable to
a) Owners of the Company       
b) Non-Controlling interest () ()   () 
 Paid up equity share capital (Face value of Rs.  each)          
 Other equity  ,  ,
 Earnings per share (EPS) of Rs.  each (Rs.)
(not annualised)
a) Basic  .  .  .  .  .
b) Diluted  .  .  .  .  .
See accompanying notes to the financial results",1,"4,4,1,4,882,4,004,4,135,16,361,14,777,2,14,2,34,4,0,89,3,1,2,4,896,4,006,4,169,16,401,14,866,4,2,077,1,625,1,851,6,984,6,421,53,13,54,13,25,1,673,1,342,1,376,5,413,4,693,387,3,73,339,1,447,1,299,132,1,19,98,4,67,396,110,98,81,3,92,351,2,3,9,5,360,2,75,213,1,157,1,055,4,792,3,847,4,012,15,850,14,335,5,3,4,104,159,157,5,51,531,6,20,7,5,6,104,159,157,5,51,511,8,108,9,1,1,85,9,7,8,2,12,159,157,6,42,696,10,118,59,18,2,66,191,46,9,2,4,59,30,11,9,10,1,40,109,115,4,35,535,12,11,68,40,56,44,13,11,12,151,177,1,55,379,5,79,14,1,56,118,107,4,41,540,16,9,8,6,5,15,1,1,69,35,43,34,1,5,13,10,16,1,67,187,142,3,98,574,16,10,1,3,19,5,17,2,3,2,3,0,3,0,3,2,3,0,18,4,688,4,249,19,2,9,74,7,92,7,19,2,9,06,3,6,28,9,74,7,92,7,19,2,9,06,3,6,28"
99,Assignment_sample_2.pdf,9,"Statement of Assets & Liabilities (Rs. in Crores )
As at March As at March
Particulars ,  , 
(Audited) (Audited)
ASSETS
Non-Current Assets
(a) Property, plant and equipments , ,
(b) Capital work in progress  
(c) Right of Use Assets  
(d ) Investment property - 
(e) Goodwill  
(f) Other Intangible Assets  ,
(g) Intangible assets under development - 
(h) Financial assets
(i) Investments  
(ii) Trade receivables  
(iii) Others  
(i) Deferred tax assets (net)  
(j) Non-Current Tax Assets (net)  
(k) Other non-current assets  
Total Non-Current Assets , ,
Current Assets
(a) Inventories , ,
(b) Financial assets
(i) Investments  
(i) Trade receivables , ,
(ii) Cash and cash equivalents  ,
(iii) Other balances with banks  
(iv) Loans  
(v) Others  
(c) Current tax assets (net)  
(d) Other current assets , ,
(e) Assets classified as held for sale , 
Total Current Assets , ,
TOTAL ASSETS , ,
EQUITY AND LIABILITIES
Equity
(a) Equity share capital  
(b) Other equity , ,
(c) Non-Controlling Interests () 
Total Equity , ,
LIABILITIES
Non-Current Liabilities
(a) Financial liabilities
(i) Borrowings , ,
(ia) Lease liabilities  
(ii) Trade payable
(a) total outstanding dues of micro enterprises and
small enterprises - -
(b) total outstanding dues of creditors other than
micro enterprises and small enterprises  
(iii) Other financial liabilities  
(b) Provisions  
(c) Deferred Tax Liabilities (net)  
(d) Other non-current liabilities  
Total Non-Current Liabilities , ,
Current Liabilities
(a) Financial liabilities
(i) Borrowings , ,
(ia) Lease liabilities  
(ii) Trade payables
(a) total outstanding dues of micro enterprises and
small enterprises  
(b) total outstanding dues of creditors other than
micro enterprises and small enterprises , ,
(iii) Other financial liabilities  
(b) Other Current Liabilities , ,
(c) Provisions  
(d) Current tax liabilities (net)  
(e) Liabilities directly associated with assets held for sale  -
Total Current Liabilities , ,
TOTAL EQUITY AND LIABILITIES , ,",1,"1,31,2023,31,2022,1,981,1,627,52,20,106,134,1,184,184,854,1,613,5,2,2,189,215,156,161,178,198,1,7,127,133,3,830,4,300,1,228,1,096,3,3,5,251,4,577,956,1,062,103,132,58,151,423,272,186,122,6,520,4,980,1,023,517,15,751,12,912,19,581,17,212,32,30,4,688,4,249,27,139,4,693,4,418,1,215,1,553,55,74,161,326,393,445,76,93,60,96,327,674,2,287,3,261,2,468,2,155,49,55,153,159,4,750,4,094,563,699,3,614,1,909,417,434,122,28,465,12,601,9,533,19,581,17,212"
